[
  {
    "username": "admin",
    "passwd": "admin",
    "fullName": "Administrator",
    "email": "admin@gmail.com",
    "date": "2018-09-10",
    "status": 1
  },
  {
    "username": "kubus",
    "passwd": "kubus",
    "fullName": "Kubu\u015b Puchatek",
    "email": "kubus@stumilowylas.com",
    "date": "2019-10-30",
    "status": 1
  },
  {
    "username": "kamil",
    "fullName": "Kamil Cinner",
    "email": "kamil.cfb@gmail.com",
    "password": "$2y$10$bBif8H.WfjeOc4NNk8AF9u4C7OidFtxotzxVPhxLxi0mEroigVyKK",
    "status": 0,
    "date": "2020-11-07"
  },
  {
    "username": "kamil",
    "fullName": "Kamil Cinner",
    "email": "kamil.cfb@gmail.com",
    "password": "$2y$10$n.bKWmHZ24YezHQSXOLlruftdnY8RG7NyLBtkQm7wi6n\/MicisZNu",
    "status": 0,
    "date": "2020-11-07"
  },
  {
    "username": "kamil123",
    "fullName": "Kamil Cinnerqq",
    "email": "kamil.cfb@gmail.com",
    "password": "$2y$10$dCLOJ2EOAx3cXhFwOemf1.ISERym.VPhmoeM3VJ2U.UKvN\/9xfuty",
    "status": 0,
    "date": "2020-11-07"
  },
  {
    "username": "kamil",
    "fullName": "Kamil Cinner",
    "email": "kamil.cfb@gmail.com",
    "password": "$2y$10$mufbBdRH\/aPHiw810ZhVWOaxoZufEvL0ZN1yADYaLJKlAxTC\/\/OJK",
    "status": 0,
    "date": "2020-11-07"
  },
  {
    "username": "kamil",
    "fullName": "Kamil Cinner",
    "email": "kamil.cfb@gmail.com",
    "password": "$2y$10$odX6KUBb.exw7AmMSS8Ak.UCMfc5C9mn5F7T9kOYKoLrD19dP6Mla",
    "status": 0,
    "date": "2020-11-07"
  }
]